split,loss,acc,error,count,abs_error,auc
train,0.03929,1.00000,0.00000,1200,0,1.00000
valid,0.24093,0.93750,0.06250,400,25,0.99743
test,0.24163,0.94500,0.05500,400,22,0.99757
